,param_first_scale,param_frequency,param_model,param_model__alpha,param_second_scale,param_model__l2_regularization,param_model__learning_rate,param_model__max_features,param_model__max_leaf_nodes,param_model__n_components,nrmse
0,passthrough,power_phase,Ridge,4328.7612810830615,RobustScaler(),,,nan,,,2.1167608478391626
1,mad_scaling_clipping_channel_trial,passthrough,Ridge,4328.7612810830615,RobustScaler(),,,nan,,,0.9954428651890123
2,mad_scaling_clipping_channel_trial,functional_connectivity,Ridge,4328.7612810830615,RobustScaler(),,,nan,,,1.0221604586443809
3,passthrough,passthrough,HistGradientBoostingRegressor,,RobustScaler(),0.0,0.05,0.1,31.0,,0.9583853684667193
4,passthrough,power_phase,HistGradientBoostingRegressor,,RobustScaler(),0.0,0.05,0.1,31.0,,0.9665407718061343
5,passthrough,functional_connectivity,HistGradientBoostingRegressor,,RobustScaler(),0.0,0.05,0.1,31.0,,1.001721969245356
6,mad_scaling_clipping_channel_trial,passthrough,HistGradientBoostingRegressor,,RobustScaler(),0.0,0.05,0.1,31.0,,0.9609309175726851
7,mad_scaling_clipping_channel_trial,power_phase,HistGradientBoostingRegressor,,RobustScaler(),0.0,0.05,0.1,31.0,,0.9689171595585663
8,mad_scaling_clipping_channel_trial,functional_connectivity,HistGradientBoostingRegressor,,RobustScaler(),0.0,0.05,0.1,31.0,,1.001372107384435
9,passthrough,passthrough,PLSRegression(),,RobustScaler(),,,nan,,16.0,1.013845153811831
10,passthrough,power_phase,Ridge,1e-08,passthrough,,,nan,,,1.0711834929887432
11,mad_scaling_clipping_channel_trial,passthrough,Ridge,1e-08,passthrough,,,nan,,,1.1790496838746656
12,mad_scaling_clipping_channel_trial,functional_connectivity,Ridge,1e-08,passthrough,,,nan,,,1.0932047872726138
13,mad_scaling_clipping_channel_trial,power_phase,ExtraTreesRegressor,,passthrough,,,sqrt,,,0.9857214542651213
14,passthrough,passthrough,HistGradientBoostingRegressor,,passthrough,0.001,0.1,0.05,31.0,,0.9615457443034005
15,passthrough,power_phase,HistGradientBoostingRegressor,,passthrough,0.001,0.1,0.05,31.0,,0.9734038021938318
16,passthrough,functional_connectivity,HistGradientBoostingRegressor,,passthrough,0.001,0.1,0.05,31.0,,1.0113583436914106
17,mad_scaling_clipping_channel_trial,passthrough,HistGradientBoostingRegressor,,passthrough,0.001,0.1,0.05,31.0,,0.9642718735773304
18,mad_scaling_clipping_channel_trial,power_phase,HistGradientBoostingRegressor,,passthrough,0.001,0.1,0.05,31.0,,0.9753344356229096
19,mad_scaling_clipping_channel_trial,functional_connectivity,HistGradientBoostingRegressor,,passthrough,0.001,0.1,0.05,31.0,,1.0085545109882224
20,mad_scaling_clipping_channel_trial,power_phase,PLSRegression(),,passthrough,,,nan,,16.0,1.0401938496141505
21,passthrough,power_phase,Ridge,100000000.0,RobustScaler(),,,nan,,,1.021108655009126
22,mad_scaling_clipping_channel_trial,passthrough,Ridge,100000000.0,RobustScaler(),,,nan,,,0.9900331991148696
23,mad_scaling_clipping_channel_trial,functional_connectivity,Ridge,100000000.0,RobustScaler(),,,nan,,,0.9999673979291185
24,passthrough,passthrough,HistGradientBoostingRegressor,,RobustScaler(),0.0,0.05,0.2,63.0,,0.9593802438165165
25,passthrough,power_phase,HistGradientBoostingRegressor,,RobustScaler(),0.0,0.05,0.2,63.0,,0.9675721605894207
26,passthrough,functional_connectivity,HistGradientBoostingRegressor,,RobustScaler(),0.0,0.05,0.2,63.0,,1.0052943976067206
27,mad_scaling_clipping_channel_trial,passthrough,HistGradientBoostingRegressor,,RobustScaler(),0.0,0.05,0.2,63.0,,0.9618784417982366
28,mad_scaling_clipping_channel_trial,power_phase,HistGradientBoostingRegressor,,RobustScaler(),0.0,0.05,0.2,63.0,,0.9709684369030277
29,mad_scaling_clipping_channel_trial,functional_connectivity,HistGradientBoostingRegressor,,RobustScaler(),0.0,0.05,0.2,63.0,,1.0071863821339453
30,passthrough,power_phase,PLSRegression(),,RobustScaler(),,,nan,,8.0,0.9915295879909447
31,passthrough,passthrough,Ridge,123284.67394420685,passthrough,,,nan,,,1.0002376374821935
32,passthrough,functional_connectivity,Ridge,123284.67394420685,passthrough,,,nan,,,0.9987424754943831
33,mad_scaling_clipping_channel_trial,power_phase,Ridge,123284.67394420685,passthrough,,,nan,,,1.0301436126870083
34,mad_scaling_clipping_channel_trial,passthrough,ExtraTreesRegressor,,passthrough,,,sqrt,,,0.9776574569468739
35,passthrough,passthrough,HistGradientBoostingRegressor,,passthrough,0.001,0.05,0.1,63.0,,0.9587049689663074
36,passthrough,power_phase,HistGradientBoostingRegressor,,passthrough,0.001,0.05,0.1,63.0,,0.9677980745322377
37,passthrough,functional_connectivity,HistGradientBoostingRegressor,,passthrough,0.001,0.05,0.1,63.0,,1.0052623578507358
38,mad_scaling_clipping_channel_trial,passthrough,HistGradientBoostingRegressor,,passthrough,0.001,0.05,0.1,63.0,,0.9617979456825375
39,mad_scaling_clipping_channel_trial,power_phase,HistGradientBoostingRegressor,,passthrough,0.001,0.05,0.1,63.0,,0.9691874955352219
40,mad_scaling_clipping_channel_trial,functional_connectivity,HistGradientBoostingRegressor,,passthrough,0.001,0.05,0.1,63.0,,1.0049114614681687
41,mad_scaling_clipping_channel_trial,passthrough,PLSRegression(),,passthrough,,,nan,,32.0,1.0055984817829173
42,passthrough,passthrough,Ridge,4328.7612810830615,passthrough,,,nan,,,1.0002325998026493
43,passthrough,functional_connectivity,Ridge,4328.7612810830615,passthrough,,,nan,,,1.0068783639310348
44,mad_scaling_clipping_channel_trial,power_phase,Ridge,4328.7612810830615,passthrough,,,nan,,,1.1525741799157907
45,passthrough,functional_connectivity,ExtraTreesRegressor,,passthrough,,,0.1,,,1.0012483455078198
46,passthrough,passthrough,HistGradientBoostingRegressor,,passthrough,0.001,0.05,0.1,31.0,,0.9584989488026876
47,passthrough,power_phase,HistGradientBoostingRegressor,,passthrough,0.001,0.05,0.1,31.0,,0.9677727668378143
48,passthrough,functional_connectivity,HistGradientBoostingRegressor,,passthrough,0.001,0.05,0.1,31.0,,1.0020518776015817
49,mad_scaling_clipping_channel_trial,passthrough,HistGradientBoostingRegressor,,passthrough,0.001,0.05,0.1,31.0,,0.960930969057679
50,mad_scaling_clipping_channel_trial,power_phase,HistGradientBoostingRegressor,,passthrough,0.001,0.05,0.1,31.0,,0.9690307640979106
51,mad_scaling_clipping_channel_trial,functional_connectivity,HistGradientBoostingRegressor,,passthrough,0.001,0.05,0.1,31.0,,1.0017570196861139
52,mad_scaling_clipping_channel_trial,passthrough,PLSRegression(),,passthrough,,,nan,,16.0,0.977463432439598
53,passthrough,power_phase,Ridge,0.0002310129700083158,passthrough,,,nan,,,1.0716375467959125
54,mad_scaling_clipping_channel_trial,passthrough,Ridge,0.0002310129700083158,passthrough,,,nan,,,1.1803407555965881
55,mad_scaling_clipping_channel_trial,functional_connectivity,Ridge,0.0002310129700083158,passthrough,,,nan,,,1.093236143238222
56,mad_scaling_clipping_channel_trial,functional_connectivity,ExtraTreesRegressor,,passthrough,,,sqrt,,,0.9998138350998788
57,passthrough,passthrough,HistGradientBoostingRegressor,,passthrough,0.001,0.1,0.1,63.0,,0.9662876338226555
58,passthrough,power_phase,HistGradientBoostingRegressor,,passthrough,0.001,0.1,0.1,63.0,,0.9748046418551549
59,passthrough,functional_connectivity,HistGradientBoostingRegressor,,passthrough,0.001,0.1,0.1,63.0,,1.0157880147569434
60,mad_scaling_clipping_channel_trial,passthrough,HistGradientBoostingRegressor,,passthrough,0.001,0.1,0.1,63.0,,0.9732018932684035
61,mad_scaling_clipping_channel_trial,power_phase,HistGradientBoostingRegressor,,passthrough,0.001,0.1,0.1,63.0,,0.9785913686064571
62,mad_scaling_clipping_channel_trial,functional_connectivity,HistGradientBoostingRegressor,,passthrough,0.001,0.1,0.1,63.0,,1.0185063909076788
63,mad_scaling_clipping_channel_trial,functional_connectivity,PLSRegression(),,passthrough,,,nan,,8.0,1.0066104748777664
64,passthrough,passthrough,Ridge,0.18738174228603868,passthrough,,,nan,,,1.0138385565170194
65,passthrough,functional_connectivity,Ridge,0.18738174228603868,passthrough,,,nan,,,1.092696281115834
66,mad_scaling_clipping_channel_trial,power_phase,Ridge,0.18738174228603868,passthrough,,,nan,,,1.1794277845667531
67,passthrough,power_phase,ExtraTreesRegressor,,passthrough,,,0.1,,,0.9771656957921644
68,passthrough,passthrough,HistGradientBoostingRegressor,,passthrough,0.0,0.1,0.2,63.0,,0.9708772190212082
69,passthrough,power_phase,HistGradientBoostingRegressor,,passthrough,0.0,0.1,0.2,63.0,,0.9751720665482403
70,passthrough,functional_connectivity,HistGradientBoostingRegressor,,passthrough,0.0,0.1,0.2,63.0,,1.0158564199632858
71,mad_scaling_clipping_channel_trial,passthrough,HistGradientBoostingRegressor,,passthrough,0.0,0.1,0.2,63.0,,0.970104557203367
72,mad_scaling_clipping_channel_trial,power_phase,HistGradientBoostingRegressor,,passthrough,0.0,0.1,0.2,63.0,,0.981623046814356
73,mad_scaling_clipping_channel_trial,functional_connectivity,HistGradientBoostingRegressor,,passthrough,0.0,0.1,0.2,63.0,,1.0172969687205227
74,passthrough,functional_connectivity,PLSRegression(),,passthrough,,,nan,,32.0,1.0438880572135278
75,passthrough,passthrough,Ridge,1e-08,passthrough,,,nan,,,4.0545035091392
76,passthrough,functional_connectivity,Ridge,1e-08,passthrough,,,nan,,,1.0928535006187259
77,mad_scaling_clipping_channel_trial,power_phase,Ridge,1e-08,passthrough,,,nan,,,1.1762990222781706
78,passthrough,passthrough,ExtraTreesRegressor,,passthrough,,,sqrt,,,0.9805207298748144
79,passthrough,passthrough,HistGradientBoostingRegressor,,passthrough,0.0,0.1,0.05,31.0,,0.9621122428564142
80,passthrough,power_phase,HistGradientBoostingRegressor,,passthrough,0.0,0.1,0.05,31.0,,0.9725222784907825
81,passthrough,functional_connectivity,HistGradientBoostingRegressor,,passthrough,0.0,0.1,0.05,31.0,,1.01131247070003
82,mad_scaling_clipping_channel_trial,passthrough,HistGradientBoostingRegressor,,passthrough,0.0,0.1,0.05,31.0,,0.9650895020785363
83,mad_scaling_clipping_channel_trial,power_phase,HistGradientBoostingRegressor,,passthrough,0.0,0.1,0.05,31.0,,0.9757659062868118
84,mad_scaling_clipping_channel_trial,functional_connectivity,HistGradientBoostingRegressor,,passthrough,0.0,0.1,0.05,31.0,,1.0082003779933968
85,passthrough,power_phase,PLSRegression(),,passthrough,,,nan,,16.0,1.0308725097113525
86,passthrough,passthrough,Ridge,151.99110829529332,passthrough,,,nan,,,1.000256014377006
87,passthrough,functional_connectivity,Ridge,151.99110829529332,passthrough,,,nan,,,1.0458716357943867
88,mad_scaling_clipping_channel_trial,power_phase,Ridge,151.99110829529332,passthrough,,,nan,,,1.1784291983753565
89,passthrough,functional_connectivity,ExtraTreesRegressor,,passthrough,,,0.05,,,1.000671014347215
90,passthrough,passthrough,HistGradientBoostingRegressor,,passthrough,0.001,0.05,0.05,63.0,,0.958294455939519
91,passthrough,power_phase,HistGradientBoostingRegressor,,passthrough,0.001,0.05,0.05,63.0,,0.9687684384953668
92,passthrough,functional_connectivity,HistGradientBoostingRegressor,,passthrough,0.001,0.05,0.05,63.0,,1.0059357810745388
93,mad_scaling_clipping_channel_trial,passthrough,HistGradientBoostingRegressor,,passthrough,0.001,0.05,0.05,63.0,,0.9609457086592466
94,mad_scaling_clipping_channel_trial,power_phase,HistGradientBoostingRegressor,,passthrough,0.001,0.05,0.05,63.0,,0.9706221581341806
95,mad_scaling_clipping_channel_trial,functional_connectivity,HistGradientBoostingRegressor,,passthrough,0.001,0.05,0.05,63.0,,1.0048793382899306
96,mad_scaling_clipping_channel_trial,passthrough,PLSRegression(),,passthrough,,,nan,,8.0,0.966511712182975
97,passthrough,passthrough,Ridge,123284.67394420685,RobustScaler(),,,nan,,,3.11859334115091
98,passthrough,functional_connectivity,Ridge,123284.67394420685,RobustScaler(),,,nan,,,1.002090954306245
99,mad_scaling_clipping_channel_trial,power_phase,Ridge,123284.67394420685,RobustScaler(),,,nan,,,0.9848919854594413
100,mad_scaling_clipping_channel_trial,passthrough,ExtraTreesRegressor,,RobustScaler(),,,sqrt,,,0.9776136246342015
101,passthrough,passthrough,HistGradientBoostingRegressor,,RobustScaler(),0.001,0.05,0.1,63.0,,0.9584257686989485
102,passthrough,power_phase,HistGradientBoostingRegressor,,RobustScaler(),0.001,0.05,0.1,63.0,,0.9676570756933321
103,passthrough,functional_connectivity,HistGradientBoostingRegressor,,RobustScaler(),0.001,0.05,0.1,63.0,,1.0042921119236659
104,mad_scaling_clipping_channel_trial,passthrough,HistGradientBoostingRegressor,,RobustScaler(),0.001,0.05,0.1,63.0,,0.9610839094953415
105,mad_scaling_clipping_channel_trial,power_phase,HistGradientBoostingRegressor,,RobustScaler(),0.001,0.05,0.1,63.0,,0.9698500804800928
106,mad_scaling_clipping_channel_trial,functional_connectivity,HistGradientBoostingRegressor,,RobustScaler(),0.001,0.05,0.1,63.0,,1.0056370196762783
107,mad_scaling_clipping_channel_trial,passthrough,PLSRegression(),,RobustScaler(),,,nan,,32.0,1.005598481886393
108,passthrough,power_phase,Ridge,2.848035868435805e-07,passthrough,,,nan,,,1.0711834980923767
109,mad_scaling_clipping_channel_trial,passthrough,Ridge,2.848035868435805e-07,passthrough,,,nan,,,1.1790496838746656
110,mad_scaling_clipping_channel_trial,functional_connectivity,Ridge,2.848035868435805e-07,passthrough,,,nan,,,1.0932047870571302
111,mad_scaling_clipping_channel_trial,power_phase,ExtraTreesRegressor,,passthrough,,,0.05,,,0.978711802677786
112,passthrough,passthrough,HistGradientBoostingRegressor,,passthrough,0.001,0.1,0.05,63.0,,0.9637094354809793
113,passthrough,power_phase,HistGradientBoostingRegressor,,passthrough,0.001,0.1,0.05,63.0,,0.979553616965549
114,passthrough,functional_connectivity,HistGradientBoostingRegressor,,passthrough,0.001,0.1,0.05,63.0,,1.0177077338401177
115,mad_scaling_clipping_channel_trial,passthrough,HistGradientBoostingRegressor,,passthrough,0.001,0.1,0.05,63.0,,0.9711808841349845
116,mad_scaling_clipping_channel_trial,power_phase,HistGradientBoostingRegressor,,passthrough,0.001,0.1,0.05,63.0,,0.9759133881487403
117,mad_scaling_clipping_channel_trial,functional_connectivity,HistGradientBoostingRegressor,,passthrough,0.001,0.1,0.05,63.0,,1.0160353855107562
118,mad_scaling_clipping_channel_trial,power_phase,PLSRegression(),,passthrough,,,nan,,32.0,1.1152240731585792
119,passthrough,power_phase,Ridge,123284.67394420685,RobustScaler(),,,nan,,,1.7277048147942942
120,mad_scaling_clipping_channel_trial,passthrough,Ridge,123284.67394420685,RobustScaler(),,,nan,,,0.9666124272875944
121,mad_scaling_clipping_channel_trial,functional_connectivity,Ridge,123284.67394420685,RobustScaler(),,,nan,,,1.0021037561940078
122,passthrough,passthrough,HistGradientBoostingRegressor,,RobustScaler(),0.0,0.05,0.1,63.0,,0.9586041627589579
123,passthrough,power_phase,HistGradientBoostingRegressor,,RobustScaler(),0.0,0.05,0.1,63.0,,0.9680117013977434
124,passthrough,functional_connectivity,HistGradientBoostingRegressor,,RobustScaler(),0.0,0.05,0.1,63.0,,1.0048152415721017
125,mad_scaling_clipping_channel_trial,passthrough,HistGradientBoostingRegressor,,RobustScaler(),0.0,0.05,0.1,63.0,,0.9612329989573652
126,mad_scaling_clipping_channel_trial,power_phase,HistGradientBoostingRegressor,,RobustScaler(),0.0,0.05,0.1,63.0,,0.9690368155513357
127,mad_scaling_clipping_channel_trial,functional_connectivity,HistGradientBoostingRegressor,,RobustScaler(),0.0,0.05,0.1,63.0,,1.0050432264894429
128,passthrough,passthrough,PLSRegression(),,RobustScaler(),,,nan,,32.0,1.1921985915107027
129,passthrough,passthrough,Ridge,0.0002310129700083158,RobustScaler(),,,nan,,,3.5526539625318447
130,passthrough,functional_connectivity,Ridge,0.0002310129700083158,RobustScaler(),,,nan,,,1.0927333650792224
131,mad_scaling_clipping_channel_trial,power_phase,Ridge,0.0002310129700083158,RobustScaler(),,,nan,,,1.190480562880735
132,passthrough,power_phase,ExtraTreesRegressor,,RobustScaler(),,,sqrt,,,0.9860361037250648
133,passthrough,passthrough,HistGradientBoostingRegressor,,RobustScaler(),0.0,0.1,0.1,63.0,,0.9686912464397129
134,passthrough,power_phase,HistGradientBoostingRegressor,,RobustScaler(),0.0,0.1,0.1,63.0,,0.9763163500557541
135,passthrough,functional_connectivity,HistGradientBoostingRegressor,,RobustScaler(),0.0,0.1,0.1,63.0,,1.014526670686759
136,mad_scaling_clipping_channel_trial,passthrough,HistGradientBoostingRegressor,,RobustScaler(),0.0,0.1,0.1,63.0,,0.9720327210377335
137,mad_scaling_clipping_channel_trial,power_phase,HistGradientBoostingRegressor,,RobustScaler(),0.0,0.1,0.1,63.0,,0.9782886338418864
138,mad_scaling_clipping_channel_trial,functional_connectivity,HistGradientBoostingRegressor,,RobustScaler(),0.0,0.1,0.1,63.0,,1.0171000063312714
139,passthrough,functional_connectivity,PLSRegression(),,RobustScaler(),,,nan,,8.0,1.0065091516109679
140,passthrough,passthrough,Ridge,0.18738174228603868,RobustScaler(),,,nan,,,3.24930657835642
141,passthrough,functional_connectivity,Ridge,0.18738174228603868,RobustScaler(),,,nan,,,1.093038003372633
142,mad_scaling_clipping_channel_trial,power_phase,Ridge,0.18738174228603868,RobustScaler(),,,nan,,,1.1897076093274406
143,passthrough,power_phase,ExtraTreesRegressor,,RobustScaler(),,,0.1,,,0.9772071097793564
144,passthrough,passthrough,HistGradientBoostingRegressor,,RobustScaler(),0.0,0.1,0.2,63.0,,0.9670009439720536
145,passthrough,power_phase,HistGradientBoostingRegressor,,RobustScaler(),0.0,0.1,0.2,63.0,,0.9734486658165231
146,passthrough,functional_connectivity,HistGradientBoostingRegressor,,RobustScaler(),0.0,0.1,0.2,63.0,,1.0158564199632858
147,mad_scaling_clipping_channel_trial,passthrough,HistGradientBoostingRegressor,,RobustScaler(),0.0,0.1,0.2,63.0,,0.970104557203367
148,mad_scaling_clipping_channel_trial,power_phase,HistGradientBoostingRegressor,,RobustScaler(),0.0,0.1,0.2,63.0,,0.9804322541324987
149,mad_scaling_clipping_channel_trial,functional_connectivity,HistGradientBoostingRegressor,,RobustScaler(),0.0,0.1,0.2,63.0,,1.0172969687205227
150,passthrough,functional_connectivity,PLSRegression(),,RobustScaler(),,,nan,,32.0,1.043888057213528
151,passthrough,power_phase,Ridge,3511191.7342151417,passthrough,,,nan,,,0.9841671176614226
152,mad_scaling_clipping_channel_trial,passthrough,Ridge,3511191.7342151417,passthrough,,,nan,,,0.967261667700442
153,mad_scaling_clipping_channel_trial,functional_connectivity,Ridge,3511191.7342151417,passthrough,,,nan,,,0.9993936862175741
154,passthrough,passthrough,HistGradientBoostingRegressor,,passthrough,0.0,0.05,0.2,31.0,,0.9587958498161904
155,passthrough,power_phase,HistGradientBoostingRegressor,,passthrough,0.0,0.05,0.2,31.0,,0.9663006765016925
156,passthrough,functional_connectivity,HistGradientBoostingRegressor,,passthrough,0.0,0.05,0.2,31.0,,1.0025555696750188
157,mad_scaling_clipping_channel_trial,passthrough,HistGradientBoostingRegressor,,passthrough,0.0,0.05,0.2,31.0,,0.9604303057384341
158,mad_scaling_clipping_channel_trial,power_phase,HistGradientBoostingRegressor,,passthrough,0.0,0.05,0.2,31.0,,0.9680803743072455
159,mad_scaling_clipping_channel_trial,functional_connectivity,HistGradientBoostingRegressor,,passthrough,0.0,0.05,0.2,31.0,,1.0014116676173703
160,passthrough,power_phase,PLSRegression(),,passthrough,,,nan,,4.0,0.989836661633172
161,passthrough,power_phase,Ridge,8.111308307896873e-06,RobustScaler(),,,nan,,,1.7619419625202888
162,mad_scaling_clipping_channel_trial,passthrough,Ridge,8.111308307896873e-06,RobustScaler(),,,nan,,,1.1802665540521433
163,mad_scaling_clipping_channel_trial,functional_connectivity,Ridge,8.111308307896873e-06,RobustScaler(),,,nan,,,1.0929805437114817
164,mad_scaling_clipping_channel_trial,power_phase,ExtraTreesRegressor,,RobustScaler(),,,0.1,,,0.9776043410069831
165,passthrough,passthrough,HistGradientBoostingRegressor,,RobustScaler(),0.001,0.1,0.1,31.0,,0.9628433772883365
166,passthrough,power_phase,HistGradientBoostingRegressor,,RobustScaler(),0.001,0.1,0.1,31.0,,0.9711118495332127
167,passthrough,functional_connectivity,HistGradientBoostingRegressor,,RobustScaler(),0.001,0.1,0.1,31.0,,1.0110417915842576
168,mad_scaling_clipping_channel_trial,passthrough,HistGradientBoostingRegressor,,RobustScaler(),0.001,0.1,0.1,31.0,,0.9665955941143238
169,mad_scaling_clipping_channel_trial,power_phase,HistGradientBoostingRegressor,,RobustScaler(),0.001,0.1,0.1,31.0,,0.9731663133897469
170,mad_scaling_clipping_channel_trial,functional_connectivity,HistGradientBoostingRegressor,,RobustScaler(),0.001,0.1,0.1,31.0,,1.0082888859156136
171,mad_scaling_clipping_channel_trial,functional_connectivity,PLSRegression(),,RobustScaler(),,,nan,,4.0,1.0005451950385484
172,passthrough,passthrough,Ridge,0.006579332246575682,RobustScaler(),,,nan,,,3.24930657835642
173,passthrough,functional_connectivity,Ridge,0.006579332246575682,RobustScaler(),,,nan,,,1.0930661701759037
174,mad_scaling_clipping_channel_trial,power_phase,Ridge,0.006579332246575682,RobustScaler(),,,nan,,,1.189724892552021
175,passthrough,power_phase,ExtraTreesRegressor,,RobustScaler(),,,0.05,,,0.9786912312743283
176,passthrough,passthrough,HistGradientBoostingRegressor,,RobustScaler(),0.0,0.1,0.2,31.0,,0.9659113737717846
177,passthrough,power_phase,HistGradientBoostingRegressor,,RobustScaler(),0.0,0.1,0.2,31.0,,0.9708432215664085
178,passthrough,functional_connectivity,HistGradientBoostingRegressor,,RobustScaler(),0.0,0.1,0.2,31.0,,1.0115638481638305
179,mad_scaling_clipping_channel_trial,passthrough,HistGradientBoostingRegressor,,RobustScaler(),0.0,0.1,0.2,31.0,,0.9669440015944977
180,mad_scaling_clipping_channel_trial,power_phase,HistGradientBoostingRegressor,,RobustScaler(),0.0,0.1,0.2,31.0,,0.9728268959691379
181,mad_scaling_clipping_channel_trial,functional_connectivity,HistGradientBoostingRegressor,,RobustScaler(),0.0,0.1,0.2,31.0,,1.011660878457361
182,passthrough,functional_connectivity,PLSRegression(),,RobustScaler(),,,nan,,16.0,1.0173925442759062
183,passthrough,passthrough,Ridge,8.111308307896873e-06,RobustScaler(),,,nan,,,3.3828614469689438
184,passthrough,functional_connectivity,Ridge,8.111308307896873e-06,RobustScaler(),,,nan,,,1.0930602577954245
185,mad_scaling_clipping_channel_trial,power_phase,Ridge,8.111308307896873e-06,RobustScaler(),,,nan,,,1.1898699647254163
186,passthrough,passthrough,ExtraTreesRegressor,,RobustScaler(),,,0.1,,,0.9740943137598806
187,passthrough,passthrough,HistGradientBoostingRegressor,,RobustScaler(),0.0,0.1,0.1,31.0,,0.961965941456075
188,passthrough,power_phase,HistGradientBoostingRegressor,,RobustScaler(),0.0,0.1,0.1,31.0,,0.9716078232140035
189,passthrough,functional_connectivity,HistGradientBoostingRegressor,,RobustScaler(),0.0,0.1,0.1,31.0,,1.0111743226138203
190,mad_scaling_clipping_channel_trial,passthrough,HistGradientBoostingRegressor,,RobustScaler(),0.0,0.1,0.1,31.0,,0.9634707747107736
191,mad_scaling_clipping_channel_trial,power_phase,HistGradientBoostingRegressor,,RobustScaler(),0.0,0.1,0.1,31.0,,0.9761960936576469
192,mad_scaling_clipping_channel_trial,functional_connectivity,HistGradientBoostingRegressor,,RobustScaler(),0.0,0.1,0.1,31.0,,1.0082892199559665
193,passthrough,functional_connectivity,PLSRegression(),,RobustScaler(),,,nan,,4.0,1.0005532424136359
194,passthrough,power_phase,Ridge,151.99110829529332,RobustScaler(),,,nan,,,2.2926202718000104
195,mad_scaling_clipping_channel_trial,passthrough,Ridge,151.99110829529332,RobustScaler(),,,nan,,,1.1019869929907447
196,mad_scaling_clipping_channel_trial,functional_connectivity,Ridge,151.99110829529332,RobustScaler(),,,nan,,,1.0752626443966569
197,passthrough,passthrough,HistGradientBoostingRegressor,,RobustScaler(),0.0,0.05,0.05,63.0,,0.9576821762827821
198,passthrough,power_phase,HistGradientBoostingRegressor,,RobustScaler(),0.0,0.05,0.05,63.0,,0.9673139736728675
199,passthrough,functional_connectivity,HistGradientBoostingRegressor,,RobustScaler(),0.0,0.05,0.05,63.0,,1.0048541490639162
200,mad_scaling_clipping_channel_trial,passthrough,HistGradientBoostingRegressor,,RobustScaler(),0.0,0.05,0.05,63.0,,0.9611934663750674
201,mad_scaling_clipping_channel_trial,power_phase,HistGradientBoostingRegressor,,RobustScaler(),0.0,0.05,0.05,63.0,,0.9712623566025254
202,mad_scaling_clipping_channel_trial,functional_connectivity,HistGradientBoostingRegressor,,RobustScaler(),0.0,0.05,0.05,63.0,,1.0051751203152557
203,passthrough,passthrough,PLSRegression(),,RobustScaler(),,,nan,,8.0,1.0027090292359966
204,passthrough,passthrough,Ridge,3511191.7342151417,RobustScaler(),,,nan,,,1.839509195880606
205,passthrough,functional_connectivity,Ridge,3511191.7342151417,RobustScaler(),,,nan,,,0.9984650179374397
206,mad_scaling_clipping_channel_trial,power_phase,Ridge,3511191.7342151417,RobustScaler(),,,nan,,,0.9921519989792893
207,mad_scaling_clipping_channel_trial,passthrough,ExtraTreesRegressor,,RobustScaler(),,,0.05,,,0.9739891036346605
208,passthrough,passthrough,HistGradientBoostingRegressor,,RobustScaler(),0.001,0.05,0.2,31.0,,0.9587841425056076
209,passthrough,power_phase,HistGradientBoostingRegressor,,RobustScaler(),0.001,0.05,0.2,31.0,,0.9649028450326675
210,passthrough,functional_connectivity,HistGradientBoostingRegressor,,RobustScaler(),0.001,0.05,0.2,31.0,,1.002780196800257
211,mad_scaling_clipping_channel_trial,passthrough,HistGradientBoostingRegressor,,RobustScaler(),0.001,0.05,0.2,31.0,,0.9598539244894596
212,mad_scaling_clipping_channel_trial,power_phase,HistGradientBoostingRegressor,,RobustScaler(),0.001,0.05,0.2,31.0,,0.9685838324071931
213,mad_scaling_clipping_channel_trial,functional_connectivity,HistGradientBoostingRegressor,,RobustScaler(),0.001,0.05,0.2,31.0,,1.0024219021062053
214,mad_scaling_clipping_channel_trial,power_phase,PLSRegression(),,RobustScaler(),,,nan,,4.0,0.9887116123527707
215,passthrough,power_phase,Ridge,0.18738174228603868,RobustScaler(),,,nan,,,2.2483372029188406
216,mad_scaling_clipping_channel_trial,passthrough,Ridge,0.18738174228603868,RobustScaler(),,,nan,,,1.1781419363038788
217,mad_scaling_clipping_channel_trial,functional_connectivity,Ridge,0.18738174228603868,RobustScaler(),,,nan,,,1.092951918321467
218,mad_scaling_clipping_channel_trial,functional_connectivity,ExtraTreesRegressor,,RobustScaler(),,,0.1,,,1.00150380044267
219,passthrough,passthrough,HistGradientBoostingRegressor,,RobustScaler(),0.001,0.1,0.2,63.0,,0.9684602527620004
220,passthrough,power_phase,HistGradientBoostingRegressor,,RobustScaler(),0.001,0.1,0.2,63.0,,0.9741240258493366
221,passthrough,functional_connectivity,HistGradientBoostingRegressor,,RobustScaler(),0.001,0.1,0.2,63.0,,1.0174274771226803
222,mad_scaling_clipping_channel_trial,passthrough,HistGradientBoostingRegressor,,RobustScaler(),0.001,0.1,0.2,63.0,,0.9725604217322296
223,mad_scaling_clipping_channel_trial,power_phase,HistGradientBoostingRegressor,,RobustScaler(),0.001,0.1,0.2,63.0,,0.9782748362955532
224,mad_scaling_clipping_channel_trial,functional_connectivity,HistGradientBoostingRegressor,,RobustScaler(),0.001,0.1,0.2,63.0,,1.0177354170304949
225,mad_scaling_clipping_channel_trial,functional_connectivity,PLSRegression(),,RobustScaler(),,,nan,,32.0,1.0441968850163115
226,passthrough,power_phase,Ridge,5.3366992312063015,RobustScaler(),,,nan,,,1.7619366959676253
227,mad_scaling_clipping_channel_trial,passthrough,Ridge,5.3366992312063015,RobustScaler(),,,nan,,,1.1734918027642365
228,mad_scaling_clipping_channel_trial,functional_connectivity,Ridge,5.3366992312063015,RobustScaler(),,,nan,,,1.0921745612772153
229,passthrough,passthrough,HistGradientBoostingRegressor,,RobustScaler(),0.0,0.05,0.05,31.0,,0.9582429329325388
230,passthrough,power_phase,HistGradientBoostingRegressor,,RobustScaler(),0.0,0.05,0.05,31.0,,0.9657620958278718
231,passthrough,functional_connectivity,HistGradientBoostingRegressor,,RobustScaler(),0.0,0.05,0.05,31.0,,1.000939804741639
232,mad_scaling_clipping_channel_trial,passthrough,HistGradientBoostingRegressor,,RobustScaler(),0.0,0.05,0.05,31.0,,0.9597499408726009
233,mad_scaling_clipping_channel_trial,power_phase,HistGradientBoostingRegressor,,RobustScaler(),0.0,0.05,0.05,31.0,,0.968599475893962
234,mad_scaling_clipping_channel_trial,functional_connectivity,HistGradientBoostingRegressor,,RobustScaler(),0.0,0.05,0.05,31.0,,1.0015804231008993
235,passthrough,passthrough,PLSRegression(),,RobustScaler(),,,nan,,4.0,1.0007158819134336
236,passthrough,power_phase,Ridge,4328.7612810830615,passthrough,,,nan,,,1.0546777430799543
237,mad_scaling_clipping_channel_trial,passthrough,Ridge,4328.7612810830615,passthrough,,,nan,,,1.0062035815407346
238,mad_scaling_clipping_channel_trial,functional_connectivity,Ridge,4328.7612810830615,passthrough,,,nan,,,1.0068610088163006
239,passthrough,passthrough,HistGradientBoostingRegressor,,passthrough,0.0,0.05,0.1,31.0,,0.9584990261940702
240,passthrough,power_phase,HistGradientBoostingRegressor,,passthrough,0.0,0.05,0.1,31.0,,0.9676642609307801
241,passthrough,functional_connectivity,HistGradientBoostingRegressor,,passthrough,0.0,0.05,0.1,31.0,,1.0026854131802678
242,mad_scaling_clipping_channel_trial,passthrough,HistGradientBoostingRegressor,,passthrough,0.0,0.05,0.1,31.0,,0.9609310443445225
243,mad_scaling_clipping_channel_trial,power_phase,HistGradientBoostingRegressor,,passthrough,0.0,0.05,0.1,31.0,,0.9681015086777044
244,mad_scaling_clipping_channel_trial,functional_connectivity,HistGradientBoostingRegressor,,passthrough,0.0,0.05,0.1,31.0,,1.0023530826625602
245,passthrough,passthrough,PLSRegression(),,passthrough,,,nan,,16.0,1.013845153732109
246,passthrough,power_phase,Ridge,3511191.7342151417,RobustScaler(),,,nan,,,1.2044409945457488
247,mad_scaling_clipping_channel_trial,passthrough,Ridge,3511191.7342151417,RobustScaler(),,,nan,,,0.9695933193885443
248,mad_scaling_clipping_channel_trial,functional_connectivity,Ridge,3511191.7342151417,RobustScaler(),,,nan,,,0.9985059974362488
249,passthrough,passthrough,HistGradientBoostingRegressor,,RobustScaler(),0.0,0.05,0.2,31.0,,0.958359577479826
250,passthrough,power_phase,HistGradientBoostingRegressor,,RobustScaler(),0.0,0.05,0.2,31.0,,0.9656012796163254
251,passthrough,functional_connectivity,HistGradientBoostingRegressor,,RobustScaler(),0.0,0.05,0.2,31.0,,1.0025555696750188
252,mad_scaling_clipping_channel_trial,passthrough,HistGradientBoostingRegressor,,RobustScaler(),0.0,0.05,0.2,31.0,,0.9604302402283778
253,mad_scaling_clipping_channel_trial,power_phase,HistGradientBoostingRegressor,,RobustScaler(),0.0,0.05,0.2,31.0,,0.9683184264771545
254,mad_scaling_clipping_channel_trial,functional_connectivity,HistGradientBoostingRegressor,,RobustScaler(),0.0,0.05,0.2,31.0,,1.0014116676173703
255,passthrough,power_phase,PLSRegression(),,RobustScaler(),,,nan,,4.0,0.989836661619691
256,passthrough,power_phase,Ridge,100000000.0,passthrough,,,nan,,,0.9982773959089988
257,mad_scaling_clipping_channel_trial,passthrough,Ridge,100000000.0,passthrough,,,nan,,,0.9867217267994264
258,mad_scaling_clipping_channel_trial,functional_connectivity,Ridge,100000000.0,passthrough,,,nan,,,1.0001642783641453
259,passthrough,passthrough,HistGradientBoostingRegressor,,passthrough,0.0,0.05,0.2,63.0,,0.9590876095252354
260,passthrough,power_phase,HistGradientBoostingRegressor,,passthrough,0.0,0.05,0.2,63.0,,0.9695204511747844
261,passthrough,functional_connectivity,HistGradientBoostingRegressor,,passthrough,0.0,0.05,0.2,63.0,,1.0053677760320805
262,mad_scaling_clipping_channel_trial,passthrough,HistGradientBoostingRegressor,,passthrough,0.0,0.05,0.2,63.0,,0.961878428952125
263,mad_scaling_clipping_channel_trial,power_phase,HistGradientBoostingRegressor,,passthrough,0.0,0.05,0.2,63.0,,0.9704010409420099
264,mad_scaling_clipping_channel_trial,functional_connectivity,HistGradientBoostingRegressor,,passthrough,0.0,0.05,0.2,63.0,,1.0071863821339453
265,passthrough,power_phase,PLSRegression(),,passthrough,,,nan,,8.0,0.9915295880541792
266,passthrough,power_phase,Ridge,0.18738174228603868,passthrough,,,nan,,,1.0692960590975666
267,mad_scaling_clipping_channel_trial,passthrough,Ridge,0.18738174228603868,passthrough,,,nan,,,1.1782686167842606
268,mad_scaling_clipping_channel_trial,functional_connectivity,Ridge,0.18738174228603868,passthrough,,,nan,,,1.0930895575257868
269,mad_scaling_clipping_channel_trial,functional_connectivity,ExtraTreesRegressor,,passthrough,,,0.1,,,1.0014635149529958
270,passthrough,passthrough,HistGradientBoostingRegressor,,passthrough,0.001,0.1,0.2,63.0,,0.9645521307941953
271,passthrough,power_phase,HistGradientBoostingRegressor,,passthrough,0.001,0.1,0.2,63.0,,0.9772858420731525
272,passthrough,functional_connectivity,HistGradientBoostingRegressor,,passthrough,0.001,0.1,0.2,63.0,,1.0174274771226803
273,mad_scaling_clipping_channel_trial,passthrough,HistGradientBoostingRegressor,,passthrough,0.001,0.1,0.2,63.0,,0.9725604784003469
274,mad_scaling_clipping_channel_trial,power_phase,HistGradientBoostingRegressor,,passthrough,0.001,0.1,0.2,63.0,,0.9779800671132062
275,mad_scaling_clipping_channel_trial,functional_connectivity,HistGradientBoostingRegressor,,passthrough,0.001,0.1,0.2,63.0,,1.0177354170304949
276,mad_scaling_clipping_channel_trial,functional_connectivity,PLSRegression(),,passthrough,,,nan,,32.0,1.0441968850163115
277,passthrough,passthrough,Ridge,3511191.7342151417,passthrough,,,nan,,,1.000237843102491
278,passthrough,functional_connectivity,Ridge,3511191.7342151417,passthrough,,,nan,,,0.9993640128340057
279,mad_scaling_clipping_channel_trial,power_phase,Ridge,3511191.7342151417,passthrough,,,nan,,,0.9897401890918955
280,mad_scaling_clipping_channel_trial,passthrough,ExtraTreesRegressor,,passthrough,,,0.05,,,0.9740029608829114
281,passthrough,passthrough,HistGradientBoostingRegressor,,passthrough,0.001,0.05,0.2,31.0,,0.9585425548589881
282,passthrough,power_phase,HistGradientBoostingRegressor,,passthrough,0.001,0.05,0.2,31.0,,0.9652300739873123
283,passthrough,functional_connectivity,HistGradientBoostingRegressor,,passthrough,0.001,0.05,0.2,31.0,,1.002780196800257
284,mad_scaling_clipping_channel_trial,passthrough,HistGradientBoostingRegressor,,passthrough,0.001,0.05,0.2,31.0,,0.959853962150808
285,mad_scaling_clipping_channel_trial,power_phase,HistGradientBoostingRegressor,,passthrough,0.001,0.05,0.2,31.0,,0.9680802320977442
286,mad_scaling_clipping_channel_trial,functional_connectivity,HistGradientBoostingRegressor,,passthrough,0.001,0.05,0.2,31.0,,1.0024202558236253
287,mad_scaling_clipping_channel_trial,power_phase,PLSRegression(),,passthrough,,,nan,,4.0,0.9887116121577978
288,passthrough,power_phase,Ridge,2.848035868435805e-07,RobustScaler(),,,nan,,,2.286187698158145
289,mad_scaling_clipping_channel_trial,passthrough,Ridge,2.848035868435805e-07,RobustScaler(),,,nan,,,1.1788249810109406
290,mad_scaling_clipping_channel_trial,functional_connectivity,Ridge,2.848035868435805e-07,RobustScaler(),,,nan,,,1.092980544907653
291,mad_scaling_clipping_channel_trial,power_phase,ExtraTreesRegressor,,RobustScaler(),,,0.05,,,0.9786539033498766
292,passthrough,passthrough,HistGradientBoostingRegressor,,RobustScaler(),0.001,0.1,0.05,63.0,,0.9673039010087466
293,passthrough,power_phase,HistGradientBoostingRegressor,,RobustScaler(),0.001,0.1,0.05,63.0,,0.9732892355070341
294,passthrough,functional_connectivity,HistGradientBoostingRegressor,,RobustScaler(),0.001,0.1,0.05,63.0,,1.0177077338401177
295,mad_scaling_clipping_channel_trial,passthrough,HistGradientBoostingRegressor,,RobustScaler(),0.001,0.1,0.05,63.0,,0.9711805739199874
296,mad_scaling_clipping_channel_trial,power_phase,HistGradientBoostingRegressor,,RobustScaler(),0.001,0.1,0.05,63.0,,0.9788328498779353
297,mad_scaling_clipping_channel_trial,functional_connectivity,HistGradientBoostingRegressor,,RobustScaler(),0.001,0.1,0.05,63.0,,1.0160353855107562
298,mad_scaling_clipping_channel_trial,power_phase,PLSRegression(),,RobustScaler(),,,nan,,32.0,1.115224074226059
299,passthrough,power_phase,Ridge,123284.67394420685,passthrough,,,nan,,,0.9930261483092713
300,mad_scaling_clipping_channel_trial,passthrough,Ridge,123284.67394420685,passthrough,,,nan,,,0.9682521980476665
301,mad_scaling_clipping_channel_trial,functional_connectivity,Ridge,123284.67394420685,passthrough,,,nan,,,0.9987500970472704
302,passthrough,passthrough,HistGradientBoostingRegressor,,passthrough,0.0,0.05,0.1,63.0,,0.956614889883686
303,passthrough,power_phase,HistGradientBoostingRegressor,,passthrough,0.0,0.05,0.1,63.0,,0.9684940891793012
304,passthrough,functional_connectivity,HistGradientBoostingRegressor,,passthrough,0.0,0.05,0.1,63.0,,1.0048152415721017
305,mad_scaling_clipping_channel_trial,passthrough,HistGradientBoostingRegressor,,passthrough,0.0,0.05,0.1,63.0,,0.9612331365150393
306,mad_scaling_clipping_channel_trial,power_phase,HistGradientBoostingRegressor,,passthrough,0.0,0.05,0.1,63.0,,0.9703344862603347
307,mad_scaling_clipping_channel_trial,functional_connectivity,HistGradientBoostingRegressor,,passthrough,0.0,0.05,0.1,63.0,,1.0055293318812661
308,passthrough,passthrough,PLSRegression(),,passthrough,,,nan,,32.0,1.192198590975079
309,passthrough,passthrough,Ridge,0.006579332246575682,passthrough,,,nan,,,1.2260482265977264
310,passthrough,functional_connectivity,Ridge,0.006579332246575682,passthrough,,,nan,,,1.0928483266689561
311,mad_scaling_clipping_channel_trial,power_phase,Ridge,0.006579332246575682,passthrough,,,nan,,,1.179900353458164
312,passthrough,power_phase,ExtraTreesRegressor,,passthrough,,,0.05,,,0.9786961769802646
313,passthrough,passthrough,HistGradientBoostingRegressor,,passthrough,0.0,0.1,0.2,31.0,,0.9648040223194142
314,passthrough,power_phase,HistGradientBoostingRegressor,,passthrough,0.0,0.1,0.2,31.0,,0.9715580839984641
315,passthrough,functional_connectivity,HistGradientBoostingRegressor,,passthrough,0.0,0.1,0.2,31.0,,1.0115638481638305
316,mad_scaling_clipping_channel_trial,passthrough,HistGradientBoostingRegressor,,passthrough,0.0,0.1,0.2,31.0,,0.9669439843617209
317,mad_scaling_clipping_channel_trial,power_phase,HistGradientBoostingRegressor,,passthrough,0.0,0.1,0.2,31.0,,0.97450107405449
318,mad_scaling_clipping_channel_trial,functional_connectivity,HistGradientBoostingRegressor,,passthrough,0.0,0.1,0.2,31.0,,1.0108594637914419
319,passthrough,functional_connectivity,PLSRegression(),,passthrough,,,nan,,16.0,1.0173925442759062
320,passthrough,passthrough,Ridge,2.848035868435805e-07,passthrough,,,nan,,,4.153523485721396
321,passthrough,functional_connectivity,Ridge,2.848035868435805e-07,passthrough,,,nan,,,1.0928535004026068
322,mad_scaling_clipping_channel_trial,power_phase,Ridge,2.848035868435805e-07,passthrough,,,nan,,,1.1779062565973724
323,passthrough,passthrough,ExtraTreesRegressor,,passthrough,,,0.05,,,0.9755030816008765
324,passthrough,passthrough,HistGradientBoostingRegressor,,passthrough,0.0,0.1,0.05,63.0,,0.9682434992291452
325,passthrough,power_phase,HistGradientBoostingRegressor,,passthrough,0.0,0.1,0.05,63.0,,0.9762927151388189
326,passthrough,functional_connectivity,HistGradientBoostingRegressor,,passthrough,0.0,0.1,0.05,63.0,,1.0162714732163654
327,mad_scaling_clipping_channel_trial,passthrough,HistGradientBoostingRegressor,,passthrough,0.0,0.1,0.05,63.0,,0.9714443350433333
328,mad_scaling_clipping_channel_trial,power_phase,HistGradientBoostingRegressor,,passthrough,0.0,0.1,0.05,63.0,,0.9743980766105752
329,mad_scaling_clipping_channel_trial,functional_connectivity,HistGradientBoostingRegressor,,passthrough,0.0,0.1,0.05,63.0,,1.0151371194532053
330,passthrough,power_phase,PLSRegression(),,passthrough,,,nan,,32.0,1.0991372427375228
331,passthrough,passthrough,Ridge,100000000.0,RobustScaler(),,,nan,,,1.061105644412257
332,passthrough,functional_connectivity,Ridge,100000000.0,RobustScaler(),,,nan,,,0.9999566859948457
333,mad_scaling_clipping_channel_trial,power_phase,Ridge,100000000.0,RobustScaler(),,,nan,,,0.9984379224541546
334,mad_scaling_clipping_channel_trial,passthrough,ExtraTreesRegressor,,RobustScaler(),,,0.1,,,0.9729531898144494
335,passthrough,passthrough,HistGradientBoostingRegressor,,RobustScaler(),0.001,0.05,0.2,63.0,,0.9585467552774579
336,passthrough,power_phase,HistGradientBoostingRegressor,,RobustScaler(),0.001,0.05,0.2,63.0,,0.967149912146142
337,passthrough,functional_connectivity,HistGradientBoostingRegressor,,RobustScaler(),0.001,0.05,0.2,63.0,,1.0058141377079584
338,mad_scaling_clipping_channel_trial,passthrough,HistGradientBoostingRegressor,,RobustScaler(),0.001,0.05,0.2,63.0,,0.9605067456467258
339,mad_scaling_clipping_channel_trial,power_phase,HistGradientBoostingRegressor,,RobustScaler(),0.001,0.05,0.2,63.0,,0.9710109177000517
340,mad_scaling_clipping_channel_trial,functional_connectivity,HistGradientBoostingRegressor,,RobustScaler(),0.001,0.05,0.2,63.0,,1.0063151616230472
341,mad_scaling_clipping_channel_trial,power_phase,PLSRegression(),,RobustScaler(),,,nan,,8.0,0.9947842810996409
342,passthrough,power_phase,Ridge,1e-08,RobustScaler(),,,nan,,,2.1209834847070925
343,mad_scaling_clipping_channel_trial,passthrough,Ridge,1e-08,RobustScaler(),,,nan,,,1.1771054706745505
344,mad_scaling_clipping_channel_trial,functional_connectivity,Ridge,1e-08,RobustScaler(),,,nan,,,1.0929735130058784
345,mad_scaling_clipping_channel_trial,power_phase,ExtraTreesRegressor,,RobustScaler(),,,sqrt,,,0.9858093653232471
346,passthrough,passthrough,HistGradientBoostingRegressor,,RobustScaler(),0.001,0.1,0.05,31.0,,0.9626446418506517
347,passthrough,power_phase,HistGradientBoostingRegressor,,RobustScaler(),0.001,0.1,0.05,31.0,,0.9695907872920948
348,passthrough,functional_connectivity,HistGradientBoostingRegressor,,RobustScaler(),0.001,0.1,0.05,31.0,,1.0113583436914106
349,mad_scaling_clipping_channel_trial,passthrough,HistGradientBoostingRegressor,,RobustScaler(),0.001,0.1,0.05,31.0,,0.9642718390733545
350,mad_scaling_clipping_channel_trial,power_phase,HistGradientBoostingRegressor,,RobustScaler(),0.001,0.1,0.05,31.0,,0.9741649463985601
351,mad_scaling_clipping_channel_trial,functional_connectivity,HistGradientBoostingRegressor,,RobustScaler(),0.001,0.1,0.05,31.0,,1.0085713721651455
352,mad_scaling_clipping_channel_trial,power_phase,PLSRegression(),,RobustScaler(),,,nan,,16.0,1.0401938500427292
353,passthrough,power_phase,Ridge,0.006579332246575682,RobustScaler(),,,nan,,,1.9804124914867176
354,mad_scaling_clipping_channel_trial,passthrough,Ridge,0.006579332246575682,RobustScaler(),,,nan,,,1.1802606410832879
355,mad_scaling_clipping_channel_trial,functional_connectivity,Ridge,0.006579332246575682,RobustScaler(),,,nan,,,1.0929795394072672
356,mad_scaling_clipping_channel_trial,functional_connectivity,ExtraTreesRegressor,,RobustScaler(),,,0.05,,,1.0003108202619442
357,passthrough,passthrough,HistGradientBoostingRegressor,,RobustScaler(),0.001,0.1,0.2,31.0,,0.9631063840333224
358,passthrough,power_phase,HistGradientBoostingRegressor,,RobustScaler(),0.001,0.1,0.2,31.0,,0.9716813385467368
359,passthrough,functional_connectivity,HistGradientBoostingRegressor,,RobustScaler(),0.001,0.1,0.2,31.0,,1.0123533524964523
360,mad_scaling_clipping_channel_trial,passthrough,HistGradientBoostingRegressor,,RobustScaler(),0.001,0.1,0.2,31.0,,0.9676216829372962
361,mad_scaling_clipping_channel_trial,power_phase,HistGradientBoostingRegressor,,RobustScaler(),0.001,0.1,0.2,31.0,,0.9725471114677993
362,mad_scaling_clipping_channel_trial,functional_connectivity,HistGradientBoostingRegressor,,RobustScaler(),0.001,0.1,0.2,31.0,,1.0116833690373006
363,mad_scaling_clipping_channel_trial,functional_connectivity,PLSRegression(),,RobustScaler(),,,nan,,16.0,1.0174522992691508
364,passthrough,power_phase,Ridge,0.006579332246575682,passthrough,,,nan,,,1.0698956672561708
365,mad_scaling_clipping_channel_trial,passthrough,Ridge,0.006579332246575682,passthrough,,,nan,,,1.1798647168590168
366,mad_scaling_clipping_channel_trial,functional_connectivity,Ridge,0.006579332246575682,passthrough,,,nan,,,1.093231161642262
367,mad_scaling_clipping_channel_trial,functional_connectivity,ExtraTreesRegressor,,passthrough,,,0.05,,,1.0003169438663675
368,passthrough,passthrough,HistGradientBoostingRegressor,,passthrough,0.001,0.1,0.2,31.0,,0.9642921294317973
369,passthrough,power_phase,HistGradientBoostingRegressor,,passthrough,0.001,0.1,0.2,31.0,,0.9750118580245292
370,passthrough,functional_connectivity,HistGradientBoostingRegressor,,passthrough,0.001,0.1,0.2,31.0,,1.0123533524964523
371,mad_scaling_clipping_channel_trial,passthrough,HistGradientBoostingRegressor,,passthrough,0.001,0.1,0.2,31.0,,0.9676216657292867
372,mad_scaling_clipping_channel_trial,power_phase,HistGradientBoostingRegressor,,passthrough,0.001,0.1,0.2,31.0,,0.9743469674374627
373,mad_scaling_clipping_channel_trial,functional_connectivity,HistGradientBoostingRegressor,,passthrough,0.001,0.1,0.2,31.0,,1.01102584395681
374,mad_scaling_clipping_channel_trial,functional_connectivity,PLSRegression(),,passthrough,,,nan,,16.0,1.0174522992691508
375,passthrough,passthrough,Ridge,151.99110829529332,RobustScaler(),,,nan,,,3.2492079461438603
376,passthrough,functional_connectivity,Ridge,151.99110829529332,RobustScaler(),,,nan,,,1.0749738636099528
377,mad_scaling_clipping_channel_trial,power_phase,Ridge,151.99110829529332,RobustScaler(),,,nan,,,1.1755275720005307
378,passthrough,functional_connectivity,ExtraTreesRegressor,,RobustScaler(),,,0.05,,,1.000628095751141
379,passthrough,passthrough,HistGradientBoostingRegressor,,RobustScaler(),0.001,0.05,0.05,63.0,,0.9586265545755225
380,passthrough,power_phase,HistGradientBoostingRegressor,,RobustScaler(),0.001,0.05,0.05,63.0,,0.9669364675221426
381,passthrough,functional_connectivity,HistGradientBoostingRegressor,,RobustScaler(),0.001,0.05,0.05,63.0,,1.0056477708099736
382,mad_scaling_clipping_channel_trial,passthrough,HistGradientBoostingRegressor,,RobustScaler(),0.001,0.05,0.05,63.0,,0.9609456973902458
383,mad_scaling_clipping_channel_trial,power_phase,HistGradientBoostingRegressor,,RobustScaler(),0.001,0.05,0.05,63.0,,0.9699526877322996
384,mad_scaling_clipping_channel_trial,functional_connectivity,HistGradientBoostingRegressor,,RobustScaler(),0.001,0.05,0.05,63.0,,1.0048793382899306
385,mad_scaling_clipping_channel_trial,passthrough,PLSRegression(),,RobustScaler(),,,nan,,8.0,0.9665117121774056
386,passthrough,power_phase,Ridge,5.3366992312063015,passthrough,,,nan,,,1.0697238216671678
387,mad_scaling_clipping_channel_trial,passthrough,Ridge,5.3366992312063015,passthrough,,,nan,,,1.176894721448686
388,mad_scaling_clipping_channel_trial,functional_connectivity,Ridge,5.3366992312063015,passthrough,,,nan,,,1.0884653240597622
389,passthrough,passthrough,HistGradientBoostingRegressor,,passthrough,0.0,0.05,0.05,31.0,,0.9593572009022299
390,passthrough,power_phase,HistGradientBoostingRegressor,,passthrough,0.0,0.05,0.05,31.0,,0.9669773527031609
391,passthrough,functional_connectivity,HistGradientBoostingRegressor,,passthrough,0.0,0.05,0.05,31.0,,1.000939804741639
392,mad_scaling_clipping_channel_trial,passthrough,HistGradientBoostingRegressor,,passthrough,0.0,0.05,0.05,31.0,,0.9597500780171718
393,mad_scaling_clipping_channel_trial,power_phase,HistGradientBoostingRegressor,,passthrough,0.0,0.05,0.05,31.0,,0.9684471274764002
394,mad_scaling_clipping_channel_trial,functional_connectivity,HistGradientBoostingRegressor,,passthrough,0.0,0.05,0.05,31.0,,1.0021929554994666
395,passthrough,passthrough,PLSRegression(),,passthrough,,,nan,,4.0,1.000715881915935
396,passthrough,passthrough,Ridge,100000000.0,passthrough,,,nan,,,1.0002378500615667
397,passthrough,functional_connectivity,Ridge,100000000.0,passthrough,,,nan,,,1.0001621477596352
398,mad_scaling_clipping_channel_trial,power_phase,Ridge,100000000.0,passthrough,,,nan,,,0.9956507137783903
399,mad_scaling_clipping_channel_trial,passthrough,ExtraTreesRegressor,,passthrough,,,0.1,,,0.9729591781870105
400,passthrough,passthrough,HistGradientBoostingRegressor,,passthrough,0.001,0.05,0.2,63.0,,0.9583280420572039
401,passthrough,power_phase,HistGradientBoostingRegressor,,passthrough,0.001,0.05,0.2,63.0,,0.9680265071485369
402,passthrough,functional_connectivity,HistGradientBoostingRegressor,,passthrough,0.001,0.05,0.2,63.0,,1.00587292719124
403,mad_scaling_clipping_channel_trial,passthrough,HistGradientBoostingRegressor,,passthrough,0.001,0.05,0.2,63.0,,0.9605067492815681
404,mad_scaling_clipping_channel_trial,power_phase,HistGradientBoostingRegressor,,passthrough,0.001,0.05,0.2,63.0,,0.9689838894191297
405,mad_scaling_clipping_channel_trial,functional_connectivity,HistGradientBoostingRegressor,,passthrough,0.001,0.05,0.2,63.0,,1.0063151616230472
406,mad_scaling_clipping_channel_trial,power_phase,PLSRegression(),,passthrough,,,nan,,8.0,0.9947842810666557
407,passthrough,power_phase,Ridge,8.111308307896873e-06,passthrough,,,nan,,,1.0712004271663516
408,mad_scaling_clipping_channel_trial,passthrough,Ridge,8.111308307896873e-06,passthrough,,,nan,,,1.1802183068349552
409,mad_scaling_clipping_channel_trial,functional_connectivity,Ridge,8.111308307896873e-06,passthrough,,,nan,,,1.0932363181634706
410,mad_scaling_clipping_channel_trial,power_phase,ExtraTreesRegressor,,passthrough,,,0.1,,,0.9777085863538284
411,passthrough,passthrough,HistGradientBoostingRegressor,,passthrough,0.001,0.1,0.1,31.0,,0.9627930197992494
412,passthrough,power_phase,HistGradientBoostingRegressor,,passthrough,0.001,0.1,0.1,31.0,,0.9687009443516287
413,passthrough,functional_connectivity,HistGradientBoostingRegressor,,passthrough,0.001,0.1,0.1,31.0,,1.0112321242807911
414,mad_scaling_clipping_channel_trial,passthrough,HistGradientBoostingRegressor,,passthrough,0.001,0.1,0.1,31.0,,0.9665954403534122
415,mad_scaling_clipping_channel_trial,power_phase,HistGradientBoostingRegressor,,passthrough,0.001,0.1,0.1,31.0,,0.9725643876042582
416,mad_scaling_clipping_channel_trial,functional_connectivity,HistGradientBoostingRegressor,,passthrough,0.001,0.1,0.1,31.0,,1.0083960015337827
417,mad_scaling_clipping_channel_trial,functional_connectivity,PLSRegression(),,passthrough,,,nan,,4.0,1.0005451950385482
418,passthrough,passthrough,Ridge,4328.7612810830615,RobustScaler(),,,nan,,,3.2464004916654203
419,passthrough,functional_connectivity,Ridge,4328.7612810830615,RobustScaler(),,,nan,,,1.0220931716555794
420,mad_scaling_clipping_channel_trial,power_phase,Ridge,4328.7612810830615,RobustScaler(),,,nan,,,1.059266034647032
421,passthrough,functional_connectivity,ExtraTreesRegressor,,RobustScaler(),,,0.1,,,1.0012181905228994
422,passthrough,passthrough,HistGradientBoostingRegressor,,RobustScaler(),0.001,0.05,0.1,31.0,,0.958385280049096
423,passthrough,power_phase,HistGradientBoostingRegressor,,RobustScaler(),0.001,0.05,0.1,31.0,,0.9647326129664738
424,passthrough,functional_connectivity,HistGradientBoostingRegressor,,RobustScaler(),0.001,0.05,0.1,31.0,,1.002270892094598
425,mad_scaling_clipping_channel_trial,passthrough,HistGradientBoostingRegressor,,RobustScaler(),0.001,0.05,0.1,31.0,,0.9609308422841016
426,mad_scaling_clipping_channel_trial,power_phase,HistGradientBoostingRegressor,,RobustScaler(),0.001,0.05,0.1,31.0,,0.9689170031471063
427,mad_scaling_clipping_channel_trial,functional_connectivity,HistGradientBoostingRegressor,,RobustScaler(),0.001,0.05,0.1,31.0,,1.0017570196861139
428,mad_scaling_clipping_channel_trial,passthrough,PLSRegression(),,RobustScaler(),,,nan,,16.0,0.9774634324661529
429,passthrough,power_phase,Ridge,0.0002310129700083158,RobustScaler(),,,nan,,,1.8862718433237955
430,mad_scaling_clipping_channel_trial,passthrough,Ridge,0.0002310129700083158,RobustScaler(),,,nan,,,1.1799767659562366
431,mad_scaling_clipping_channel_trial,functional_connectivity,Ridge,0.0002310129700083158,RobustScaler(),,,nan,,,1.0929805096441032
432,mad_scaling_clipping_channel_trial,functional_connectivity,ExtraTreesRegressor,,RobustScaler(),,,sqrt,,,0.9998608668213248
433,passthrough,passthrough,HistGradientBoostingRegressor,,RobustScaler(),0.001,0.1,0.1,63.0,,0.9668220560630134
434,passthrough,power_phase,HistGradientBoostingRegressor,,RobustScaler(),0.001,0.1,0.1,63.0,,0.9761208299262271
435,passthrough,functional_connectivity,HistGradientBoostingRegressor,,RobustScaler(),0.001,0.1,0.1,63.0,,1.0147910795120054
436,mad_scaling_clipping_channel_trial,passthrough,HistGradientBoostingRegressor,,RobustScaler(),0.001,0.1,0.1,63.0,,0.9732018932684035
437,mad_scaling_clipping_channel_trial,power_phase,HistGradientBoostingRegressor,,RobustScaler(),0.001,0.1,0.1,63.0,,0.9816318292820744
438,mad_scaling_clipping_channel_trial,functional_connectivity,HistGradientBoostingRegressor,,RobustScaler(),0.001,0.1,0.1,63.0,,1.0172451057472474
439,mad_scaling_clipping_channel_trial,functional_connectivity,PLSRegression(),,RobustScaler(),,,nan,,8.0,1.0066104748777664
440,passthrough,power_phase,Ridge,151.99110829529332,passthrough,,,nan,,,1.0652362992046045
441,mad_scaling_clipping_channel_trial,passthrough,Ridge,151.99110829529332,passthrough,,,nan,,,1.1217395859899133
442,mad_scaling_clipping_channel_trial,functional_connectivity,Ridge,151.99110829529332,passthrough,,,nan,,,1.0461014092652197
443,passthrough,passthrough,HistGradientBoostingRegressor,,passthrough,0.0,0.05,0.05,63.0,,0.9587901225102118
444,passthrough,power_phase,HistGradientBoostingRegressor,,passthrough,0.0,0.05,0.05,63.0,,0.9683598627181251
445,passthrough,functional_connectivity,HistGradientBoostingRegressor,,passthrough,0.0,0.05,0.05,63.0,,1.0056813491409085
446,mad_scaling_clipping_channel_trial,passthrough,HistGradientBoostingRegressor,,passthrough,0.0,0.05,0.05,63.0,,0.9611935516019898
447,mad_scaling_clipping_channel_trial,power_phase,HistGradientBoostingRegressor,,passthrough,0.0,0.05,0.05,63.0,,0.969458665269105
448,mad_scaling_clipping_channel_trial,functional_connectivity,HistGradientBoostingRegressor,,passthrough,0.0,0.05,0.05,63.0,,1.0051722624687744
449,passthrough,passthrough,PLSRegression(),,passthrough,,,nan,,8.0,1.0027090292419052
450,passthrough,passthrough,Ridge,1e-08,RobustScaler(),,,nan,,,3.24930657835642
451,passthrough,functional_connectivity,Ridge,1e-08,RobustScaler(),,,nan,,,1.0930671955989106
452,mad_scaling_clipping_channel_trial,power_phase,Ridge,1e-08,RobustScaler(),,,nan,,,1.189725626102897
453,passthrough,passthrough,ExtraTreesRegressor,,RobustScaler(),,,sqrt,,,0.9806661806142146
454,passthrough,passthrough,HistGradientBoostingRegressor,,RobustScaler(),0.0,0.1,0.05,31.0,,0.9611829437172207
455,passthrough,power_phase,HistGradientBoostingRegressor,,RobustScaler(),0.0,0.1,0.05,31.0,,0.9710763571581625
456,passthrough,functional_connectivity,HistGradientBoostingRegressor,,RobustScaler(),0.0,0.1,0.05,31.0,,1.010303866007877
457,mad_scaling_clipping_channel_trial,passthrough,HistGradientBoostingRegressor,,RobustScaler(),0.0,0.1,0.05,31.0,,0.9650893197196602
458,mad_scaling_clipping_channel_trial,power_phase,HistGradientBoostingRegressor,,RobustScaler(),0.0,0.1,0.05,31.0,,0.9725854242652473
459,mad_scaling_clipping_channel_trial,functional_connectivity,HistGradientBoostingRegressor,,RobustScaler(),0.0,0.1,0.05,31.0,,1.008097262525953
460,passthrough,power_phase,PLSRegression(),,RobustScaler(),,,nan,,16.0,1.0308725077440244
461,passthrough,passthrough,Ridge,0.0002310129700083158,passthrough,,,nan,,,2.6918648331710204
462,passthrough,functional_connectivity,Ridge,0.0002310129700083158,passthrough,,,nan,,,1.092853318946956
463,mad_scaling_clipping_channel_trial,power_phase,Ridge,0.0002310129700083158,passthrough,,,nan,,,1.1793377223153165
464,passthrough,power_phase,ExtraTreesRegressor,,passthrough,,,sqrt,,,0.9860681527665821
465,passthrough,passthrough,HistGradientBoostingRegressor,,passthrough,0.0,0.1,0.1,63.0,,0.9667011231785557
466,passthrough,power_phase,HistGradientBoostingRegressor,,passthrough,0.0,0.1,0.1,63.0,,0.979279075003552
467,passthrough,functional_connectivity,HistGradientBoostingRegressor,,passthrough,0.0,0.1,0.1,63.0,,1.014526670686759
468,mad_scaling_clipping_channel_trial,passthrough,HistGradientBoostingRegressor,,passthrough,0.0,0.1,0.1,63.0,,0.9720329557671167
469,mad_scaling_clipping_channel_trial,power_phase,HistGradientBoostingRegressor,,passthrough,0.0,0.1,0.1,63.0,,0.977381585097686
470,mad_scaling_clipping_channel_trial,functional_connectivity,HistGradientBoostingRegressor,,passthrough,0.0,0.1,0.1,63.0,,1.0171000063312714
471,passthrough,functional_connectivity,PLSRegression(),,passthrough,,,nan,,8.0,1.0065091516109677
472,passthrough,passthrough,Ridge,5.3366992312063015,passthrough,,,nan,,,1.0012623479210165
473,passthrough,functional_connectivity,Ridge,5.3366992312063015,passthrough,,,nan,,,1.0880959462636899
474,mad_scaling_clipping_channel_trial,power_phase,Ridge,5.3366992312063015,passthrough,,,nan,,,1.1793930682452585
475,passthrough,functional_connectivity,ExtraTreesRegressor,,passthrough,,,sqrt,,,0.99970604429434
476,passthrough,passthrough,HistGradientBoostingRegressor,,passthrough,0.001,0.05,0.05,31.0,,0.9597581569346327
477,passthrough,power_phase,HistGradientBoostingRegressor,,passthrough,0.001,0.05,0.05,31.0,,0.9669772210484106
478,passthrough,functional_connectivity,HistGradientBoostingRegressor,,passthrough,0.001,0.05,0.05,31.0,,1.0009396833947473
479,mad_scaling_clipping_channel_trial,passthrough,HistGradientBoostingRegressor,,passthrough,0.001,0.05,0.05,31.0,,0.9602329808570159
480,mad_scaling_clipping_channel_trial,power_phase,HistGradientBoostingRegressor,,passthrough,0.001,0.05,0.05,31.0,,0.9687381970298953
481,mad_scaling_clipping_channel_trial,functional_connectivity,HistGradientBoostingRegressor,,passthrough,0.001,0.05,0.05,31.0,,1.0021902661425732
482,mad_scaling_clipping_channel_trial,passthrough,PLSRegression(),,passthrough,,,nan,,4.0,0.9676489648165196
483,passthrough,passthrough,Ridge,5.3366992312063015,RobustScaler(),,,nan,,,3.249299679729178
484,passthrough,functional_connectivity,Ridge,5.3366992312063015,RobustScaler(),,,nan,,,1.0920068417020035
485,mad_scaling_clipping_channel_trial,power_phase,Ridge,5.3366992312063015,RobustScaler(),,,nan,,,1.1892046928186921
486,passthrough,functional_connectivity,ExtraTreesRegressor,,RobustScaler(),,,sqrt,,,0.9996639763579914
487,passthrough,passthrough,HistGradientBoostingRegressor,,RobustScaler(),0.001,0.05,0.05,31.0,,0.9588678794344102
488,passthrough,power_phase,HistGradientBoostingRegressor,,RobustScaler(),0.001,0.05,0.05,31.0,,0.9655043022898219
489,passthrough,functional_connectivity,HistGradientBoostingRegressor,,RobustScaler(),0.001,0.05,0.05,31.0,,1.0009396833947473
490,mad_scaling_clipping_channel_trial,passthrough,HistGradientBoostingRegressor,,RobustScaler(),0.001,0.05,0.05,31.0,,0.9602327942361436
491,mad_scaling_clipping_channel_trial,power_phase,HistGradientBoostingRegressor,,RobustScaler(),0.001,0.05,0.05,31.0,,0.9684324549556199
492,mad_scaling_clipping_channel_trial,functional_connectivity,HistGradientBoostingRegressor,,RobustScaler(),0.001,0.05,0.05,31.0,,1.0015777239031602
493,mad_scaling_clipping_channel_trial,passthrough,PLSRegression(),,RobustScaler(),,,nan,,4.0,0.9676489648065895
494,passthrough,passthrough,Ridge,2.848035868435805e-07,RobustScaler(),,,nan,,,3.24930657835642
495,passthrough,functional_connectivity,Ridge,2.848035868435805e-07,RobustScaler(),,,nan,,,1.09306719555608
496,mad_scaling_clipping_channel_trial,power_phase,Ridge,2.848035868435805e-07,RobustScaler(),,,nan,,,1.189725626102897
497,passthrough,passthrough,ExtraTreesRegressor,,RobustScaler(),,,0.05,,,0.9752756024140229
498,passthrough,passthrough,HistGradientBoostingRegressor,,RobustScaler(),0.0,0.1,0.05,63.0,,0.965261700686409
499,passthrough,power_phase,HistGradientBoostingRegressor,,RobustScaler(),0.0,0.1,0.05,63.0,,0.9763708057332711
500,passthrough,functional_connectivity,HistGradientBoostingRegressor,,RobustScaler(),0.0,0.1,0.05,63.0,,1.0164138478034785
501,mad_scaling_clipping_channel_trial,passthrough,HistGradientBoostingRegressor,,RobustScaler(),0.0,0.1,0.05,63.0,,0.9714442196297965
502,mad_scaling_clipping_channel_trial,power_phase,HistGradientBoostingRegressor,,RobustScaler(),0.0,0.1,0.05,63.0,,0.9769876355393287
503,mad_scaling_clipping_channel_trial,functional_connectivity,HistGradientBoostingRegressor,,RobustScaler(),0.0,0.1,0.05,63.0,,1.0151371194532053
504,passthrough,power_phase,PLSRegression(),,RobustScaler(),,,nan,,32.0,1.0991372392070424
